{
    "a": 0.06719439460796199,
    "b": 0.01665616059739126,
    "c": 0.020474712699413276,
    "d": 0.03734907627406294,
    "e": 0.12415749406003006,
    "f": 0.022571885758619018,
    "g": 0.018595742617465934,
    "h": 0.06536391407651651,
    "i": 0.06706104834408184,
    "j": 0.0012970954759249382,
    "k": 0.007285554962905494,
    "l": 0.04244047907675896,
    "m": 0.028039082577704506,
    "n": 0.061581729137370894,
    "o": 0.07825001212238762,
    "p": 0.015346942733840857,
    "q": 0.0007637104204044028,
    "r": 0.05841778596712408,
    "s": 0.06712166028220919,
    "t": 0.0989065606361829,
    "u": 0.03162730931484265,
    "v": 0.013116423410754982,
    "w": 0.02448722300344276,
    "x": 0.004654996848179218,
    "y": 0.026899578140910634,
    "z": 0.00033942685351306793,
    "index": 0.06464676090763727
}